Origen,Fecha_Hora,Glucosa_mgdL,Tendencia
Historial_24h,2026-09-29T07:38:05+02:00,110,steady
Historial_24h,2026-09-29T07:33:04+02:00,118,steady
Historial_24h,2026-09-29T07:28:04+02:00,124,steady
Historial_24h,2026-09-29T07:23:05+02:00,128,steady
Historial_24h,2026-09-29T07:18:05+02:00,129,steady
Historial_24h,2026-09-29T07:13:04+02:00,130,steady
Historial_24h,2026-09-29T07:08:05+02:00,132,steady
Historial_24h,2026-09-29T07:03:05+02:00,130,steady
Historial_24h,2026-09-29T06:58:05+02:00,126,steady
Historial_24h,2026-09-29T06:53:05+02:00,122,steady
Historial_24h,2026-09-29T06:48:05+02:00,114,steady
Historial_24h,2026-09-29T06:43:05+02:00,116,steady
Historial_24h,2026-09-29T06:38:05+02:00,120,steady
Historial_24h,2026-09-29T06:33:05+02:00,126,steady
Historial_24h,2026-09-29T06:28:05+02:00,131,steady
Historial_24h,2026-09-29T06:23:05+02:00,132,steady
Historial_24h,2026-09-29T06:18:05+02:00,130,steady
Historial_24h,2026-09-29T06:13:05+02:00,125,steady
Historial_24h,2026-09-29T06:08:05+02:00,120,steady
Historial_24h,2026-09-29T06:03:05+02:00,129,steady
Historial_24h,2026-09-29T05:58:05+02:00,135,steady
Historial_24h,2026-09-29T05:53:05+02:00,125,steady
Historial_24h,2026-09-29T05:48:04+02:00,124,steady
Historial_24h,2026-09-29T05:43:05+02:00,132,steady
Historial_24h,2026-09-29T05:38:05+02:00,133,steady
Historial_24h,2026-09-29T05:33:05+02:00,132,steady
Historial_24h,2026-09-29T05:28:05+02:00,129,steady
Historial_24h,2026-09-29T05:23:05+02:00,130,steady
Historial_24h,2026-09-29T05:18:05+02:00,137,steady
Historial_24h,2026-09-29T05:13:05+02:00,143,steady
Historial_24h,2026-09-29T05:08:05+02:00,145,steady
Historial_24h,2026-09-29T05:03:05+02:00,145,steady
Historial_24h,2026-09-29T04:58:05+02:00,143,steady
Historial_24h,2026-09-29T04:53:04+02:00,149,steady
Historial_24h,2026-09-29T04:48:05+02:00,152,steady
Historial_24h,2026-09-29T04:43:04+02:00,153,steady
Historial_24h,2026-09-29T04:38:05+02:00,154,steady
Historial_24h,2026-09-29T04:33:05+02:00,155,steady
Historial_24h,2026-09-29T04:28:05+02:00,157,steady
Historial_24h,2026-09-29T04:23:05+02:00,158,steady
Historial_24h,2026-09-29T04:18:05+02:00,161,steady
Historial_24h,2026-09-29T04:13:05+02:00,158,steady
Historial_24h,2026-09-29T04:08:05+02:00,156,steady
Historial_24h,2026-09-29T04:03:05+02:00,156,steady
Historial_24h,2026-09-29T03:58:05+02:00,161,steady
Historial_24h,2026-09-29T03:53:05+02:00,164,steady
Historial_24h,2026-09-29T03:48:04+02:00,160,steady
Historial_24h,2026-09-29T03:43:04+02:00,150,steady
Historial_24h,2026-09-29T03:38:04+02:00,147,steady
Historial_24h,2026-09-29T03:33:04+02:00,143,falling slightly
Historial_24h,2026-09-29T03:28:04+02:00,149,steady
Historial_24h,2026-09-29T03:23:05+02:00,158,steady
Historial_24h,2026-09-29T03:18:05+02:00,165,steady
Historial_24h,2026-09-29T03:13:05+02:00,166,steady
Historial_24h,2026-09-29T03:08:04+02:00,160,steady
Historial_24h,2026-09-29T03:03:04+02:00,156,steady
Historial_24h,2026-09-29T02:58:04+02:00,158,steady
Historial_24h,2026-09-29T02:53:04+02:00,160,steady
Historial_24h,2026-09-29T02:48:04+02:00,166,steady
Historial_24h,2026-09-29T02:43:04+02:00,164,steady
Historial_24h,2026-09-29T02:38:04+02:00,162,steady
Historial_24h,2026-09-29T02:33:04+02:00,148,steady
Historial_24h,2026-09-29T02:28:04+02:00,143,steady
Historial_24h,2026-09-29T02:23:03+02:00,150,steady
Historial_24h,2026-09-29T02:18:04+02:00,156,steady
Historial_24h,2026-09-29T02:13:04+02:00,157,steady
Historial_24h,2026-09-29T02:08:04+02:00,156,steady
Historial_24h,2026-09-29T02:03:04+02:00,145,steady
Historial_24h,2026-09-29T01:58:03+02:00,140,steady
Historial_24h,2026-09-29T01:53:04+02:00,141,steady
Historial_24h,2026-09-29T01:48:04+02:00,143,steady
Historial_24h,2026-09-29T01:43:04+02:00,140,steady
Historial_24h,2026-09-29T01:38:04+02:00,138,steady
Historial_24h,2026-09-29T01:33:04+02:00,136,steady
Historial_24h,2026-09-29T01:28:04+02:00,137,steady
Historial_24h,2026-09-29T01:23:04+02:00,142,steady
Historial_24h,2026-09-29T01:18:04+02:00,144,steady
Historial_24h,2026-09-29T01:13:04+02:00,146,steady
Historial_24h,2026-09-29T01:08:04+02:00,145,steady
Historial_24h,2026-09-29T01:03:03+02:00,141,steady
Historial_24h,2026-09-29T00:58:03+02:00,135,steady
Historial_24h,2026-09-29T00:53:03+02:00,132,steady
Historial_24h,2026-09-29T00:48:03+02:00,135,steady
Historial_24h,2026-09-29T00:43:03+02:00,131,steady
Historial_24h,2026-09-29T00:38:03+02:00,132,steady
Historial_24h,2026-09-29T00:33:03+02:00,133,rising slightly
Historial_24h,2026-09-29T00:28:03+02:00,134,rising slightly
Historial_24h,2026-09-29T00:23:03+02:00,127,rising slightly
Historial_24h,2026-09-29T00:18:03+02:00,115,steady
Historial_24h,2026-09-29T00:13:03+02:00,106,steady
Historial_24h,2026-09-29T00:08:03+02:00,101,steady
Historial_24h,2026-09-29T00:03:03+02:00,103,steady
Historial_24h,2026-09-28T23:58:04+02:00,112,steady
Historial_24h,2026-09-28T23:53:04+02:00,109,steady
Historial_24h,2026-09-28T23:48:04+02:00,105,steady
Historial_24h,2026-09-28T23:43:03+02:00,102,steady
Historial_24h,2026-09-28T23:38:03+02:00,100,steady
Historial_24h,2026-09-28T23:33:04+02:00,105,steady
Historial_24h,2026-09-28T23:28:03+02:00,111,steady
Historial_24h,2026-09-28T23:23:04+02:00,114,steady
Historial_24h,2026-09-28T23:18:04+02:00,116,steady
Historial_24h,2026-09-28T23:13:03+02:00,116,steady
Historial_24h,2026-09-28T23:08:03+02:00,130,steady
Historial_24h,2026-09-28T23:03:04+02:00,129,steady
Historial_24h,2026-09-28T22:58:04+02:00,125,steady
Historial_24h,2026-09-28T22:53:03+02:00,132,steady
Historial_24h,2026-09-28T22:48:03+02:00,141,steady
Historial_24h,2026-09-28T22:43:04+02:00,136,steady
Historial_24h,2026-09-28T22:38:04+02:00,134,falling slightly
Historial_24h,2026-09-28T22:33:04+02:00,132,falling slightly
Historial_24h,2026-09-28T22:28:04+02:00,142,falling slightly
Historial_24h,2026-09-28T22:23:04+02:00,159,steady
Historial_24h,2026-09-28T22:18:04+02:00,168,steady
Historial_24h,2026-09-28T22:13:04+02:00,176,steady
Historial_24h,2026-09-28T22:08:04+02:00,178,steady
Historial_24h,2026-09-28T22:03:04+02:00,175,steady
Historial_24h,2026-09-28T21:58:03+02:00,171,steady
Historial_24h,2026-09-28T21:53:02+02:00,166,steady
Historial_24h,2026-09-28T21:48:03+02:00,159,steady
Historial_24h,2026-09-28T21:43:03+02:00,160,steady
Historial_24h,2026-09-28T21:38:02+02:00,165,steady
Historial_24h,2026-09-28T21:33:03+02:00,166,steady
Historial_24h,2026-09-28T21:28:02+02:00,166,steady
Historial_24h,2026-09-28T21:23:02+02:00,164,steady
Historial_24h,2026-09-28T21:18:03+02:00,159,steady
Historial_24h,2026-09-28T21:13:03+02:00,161,steady
Historial_24h,2026-09-28T21:08:03+02:00,162,steady
Historial_24h,2026-09-28T21:03:03+02:00,158,steady
Historial_24h,2026-09-28T20:58:03+02:00,162,steady
Historial_24h,2026-09-28T20:53:03+02:00,167,steady
Historial_24h,2026-09-28T20:48:04+02:00,163,steady
Historial_24h,2026-09-28T20:43:03+02:00,162,falling slightly
Historial_24h,2026-09-28T20:38:03+02:00,165,falling slightly
Historial_24h,2026-09-28T20:33:03+02:00,171,falling slightly
Historial_24h,2026-09-28T20:28:03+02:00,180,steady
Historial_24h,2026-09-28T20:23:03+02:00,187,steady
Historial_24h,2026-09-28T20:18:03+02:00,194,steady
Historial_24h,2026-09-28T20:13:03+02:00,201,steady
Historial_24h,2026-09-28T20:08:03+02:00,204,steady
Historial_24h,2026-09-28T20:03:03+02:00,207,rising slightly
Historial_24h,2026-09-28T19:58:04+02:00,198,steady
Historial_24h,2026-09-28T19:53:04+02:00,194,steady
Historial_24h,2026-09-28T19:48:04+02:00,186,steady
Historial_24h,2026-09-28T19:43:04+02:00,184,steady
Historial_24h,2026-09-28T19:38:03+02:00,186,steady
Historial_24h,2026-09-28T19:33:03+02:00,185,steady
Historial_24h,2026-09-28T19:28:03+02:00,183,steady
Historial_24h,2026-09-28T19:23:03+02:00,183,rising slightly
Historial_24h,2026-09-28T19:18:03+02:00,176,rising slightly
Historial_24h,2026-09-28T19:13:03+02:00,173,rising slightly
Historial_24h,2026-09-28T19:08:03+02:00,163,steady
Historial_24h,2026-09-28T19:03:03+02:00,157,steady
Historial_24h,2026-09-28T18:58:03+02:00,147,steady
Historial_24h,2026-09-28T18:53:03+02:00,145,steady
Historial_24h,2026-09-28T18:48:03+02:00,148,steady
Historial_24h,2026-09-28T18:43:03+02:00,157,steady
Historial_24h,2026-09-28T18:38:03+02:00,157,steady
Historial_24h,2026-09-28T18:33:03+02:00,155,steady
Historial_24h,2026-09-28T18:28:03+02:00,164,steady
Historial_24h,2026-09-28T18:23:03+02:00,167,steady
Historial_24h,2026-09-28T18:18:03+02:00,171,steady
Historial_24h,2026-09-28T18:13:03+02:00,174,steady
Historial_24h,2026-09-28T18:08:03+02:00,176,steady
Historial_24h,2026-09-28T18:03:03+02:00,180,steady
Historial_24h,2026-09-28T17:58:03+02:00,184,steady
Historial_24h,2026-09-28T17:53:03+02:00,185,steady
Historial_24h,2026-09-28T17:48:03+02:00,188,steady
Historial_24h,2026-09-28T17:43:03+02:00,190,steady
Historial_24h,2026-09-28T17:38:03+02:00,193,steady
Historial_24h,2026-09-28T17:33:03+02:00,196,steady
Historial_24h,2026-09-28T17:28:03+02:00,199,steady
Historial_24h,2026-09-28T17:23:03+02:00,202,steady
Historial_24h,2026-09-28T17:18:03+02:00,205,steady
Historial_24h,2026-09-28T17:13:03+02:00,204,steady
Historial_24h,2026-09-28T17:08:03+02:00,201,steady
Historial_24h,2026-09-28T17:03:03+02:00,201,steady
Historial_24h,2026-09-28T16:58:03+02:00,197,steady
Historial_24h,2026-09-28T16:53:03+02:00,195,steady
Historial_24h,2026-09-28T16:48:03+02:00,195,steady
Historial_24h,2026-09-28T16:43:03+02:00,189,steady
Historial_24h,2026-09-28T16:38:03+02:00,187,steady
Historial_24h,2026-09-28T16:33:03+02:00,186,steady
Historial_24h,2026-09-28T16:28:03+02:00,186,steady
Historial_24h,2026-09-28T16:23:03+02:00,186,steady
Directo_GitHub,2026-09-29T15:38:06+02:00,250,rising
